DateTime,Title,ThreadId,Conversation,Polymer_action,Polymer_knowledge,Polymer_commitment,LLM_action,LLM_knowledge,LLM_commitment
2026-04-05T20:20:34.2287439Z,GeneralSyntheticDatasets_conversation_a6.,,"Mia Hopkins

:Could extraterrestrial life have its own dance form?

Carter NA

:Possibly, if evolution is similar. But what about different environments?

",0.001847475,0.999234855,4.82971E-05,no,yes,no
2026-04-05T20:20:34.1595028Z,GeneralSyntheticDatasets_conversation_a6.,,"John Zielonka

:Politics on other planets would be a new ball game.

Matthew NA

:Interplanetary economics would be fascinating.

Sarah Placido

:Imagine their music! Fascinating indeed!

Evelyn Vega

:Their literature could be based on unimaginable experiences.

Mia Hopkins

:A new realm for performing arts, perhaps?

Carter NA

:What about environmental impact of making contact?

John Zielonka

:Could disclosure politics cause harm?

Matthew NA

:Exploration funding could lead to financial instability.

",0.01515489,0.981179833,0.000114312,no,yes,no
2026-04-05T20:20:34.0983933Z,GeneralSyntheticDatasets_conversation_a6.,,"Sarah Placido

:Cultural exchange could bring new music styles!

Evelyn Vega

:And a new way of expressing thoughts!

Mia Hopkins

:Dance forms could evolve too.

Carter NA

:But what about environmental implications?

John Zielonka

:Is it politically feasible, or will it cause tension?

Mia Hopkins

:Let's discuss advancements in interstellar communication tech.

",9.04216E-05,0.999698341,0.000532092,no,yes,no
2026-04-05T20:20:34.0137339Z,GeneralSyntheticDatasets_conversation_a6.,,"Carter NA

:Could help track environmental changes on other planets.

John Zielonka

:Political decisions around space exploration are crucial.

Matthew NA

:Economic implications of such technology are huge.

Sarah Placido

:We could discover musical patterns in cosmic signals!

Evelyn Vega

:It might inspire a new era of literature.

Mia Hopkins

:The dance of celestial bodies is fascinating.

Carter NA

:What if extraterrestrial life affects our environment?

John Zielonka

:Could it change Earth's political dynamics?

Matthew NA

:How would this discovery impact global economics?

",0.00510871,0.993639827,0.000189818,no,yes,no
2026-04-05T20:20:33.9550847Z,GeneralSyntheticDatasets_conversation_a6.,,"Sarah Placido

:Their music might be as harmonious as ours.

Evelyn Vega

:Their literature could give us new perspectives.

Mia Hopkins

:Different dance forms provide diverse insights.

Carter NA

:Environmental changes are hard to predict.

John Zielonka

:Politics might need to adapt.

Matthew NA

:Financial markets could face a new economic paradigm.

Sarah Placido

:Extraterrestrial music could redefine harmony.

Evelyn Vega

:Their literature could redefine beauty in words.

",0.000180783,0.002326623,0.000345908,no,no,no
2026-04-05T20:20:33.842997Z,GeneralSyntheticDatasets_conversation_a6.,,"Mia Hopkins

:A universal ballet! Intriguing!

Carter NA

:We must consider potential ecological disruptions.

John Zielonka

:Geopolitical unrest is a concern.

Mia Hopkins

:Their unique biology could inspire different dance forms!

Carter NA

:How might these structures adapt to different climates?

John Zielonka

:Contact with such beings would be intriguing politics.

",0.000207407,0.994218528,4.15578E-05,no,yes,no
2026-04-05T20:20:33.7250182Z,GeneralSyntheticDatasets_conversation_a6.,,"Matthew NA

:It would have profound economic implications.

Sarah Placido

:They might have classical music based on their biology.

Evelyn Vega

:Or poetry inspired by their cosmos!

Mia Hopkins

:UFO sightings are like modern dance, mysterious and fascinating.

Carter NA

:What about the environmental impact of extraterrestrial visits?

John Zielonka

:How would global politics react to that?

Matthew NA

:The economic implications could be unpredictable.

",0.000370562,0.993369281,2.34531E-05,no,yes,no
2026-04-05T20:20:33.6341087Z,GeneralSyntheticDatasets_conversation_a6.,,"Sarah Placido

:Like Holst's ""The Planets"" suite, eerie yet fascinating!

Evelyn Vega

:The unknown has a certain poetry.

Mia Hopkins

:Like interpretative dance, it's speculative.

Carter NA

:And like climate change, we need facts over speculation.

John Zielonka

:Agreed, Carter. Political neutrality and scientific rigor are crucial.

Matthew NA

:Absolutely, objectivity matters in assessing economic impacts.

Sarah Placido

:Just like in music theory, objective analysis aids in understanding complexity.

Evelyn Vega

:True, Sarah. It's like scrutinizing poetry, every word counts.

",0.001621438,0.008468817,0.001011606,no,no,no
2026-04-05T20:20:33.5601657Z,GeneralSyntheticDatasets_conversation_a6.,,"Mia Hopkins

:Imagine aliens performing their version of ballet!

Carter NA

:That would certainly redefine 'being green'!

John Zielonka

:Interstellar dimensions in international relations, imagine that!

Mia Hopkins

:Shall we discuss how pop culture shapes our alien perceptions?

Carter NA

:Yes, it's intriguing how media influences our views on extraterrestrials.

John Zielonka

:Media, like in politics, plays a significant role in shaping opinions.

Matthew NA

:Just as news influences market trends, pop culture shapes our alien ideas.

Sarah Placido

:Artists, like composers, draw inspiration from alien concepts.

",0.001151713,0.826588988,0.000414562,no,yes,no
2026-04-05T20:20:33.487269Z,GeneralSyntheticDatasets_conversation_a6.,,"Evelyn Vega

:Alien depictions reflect contemporary imaginations, much like poetry.

Mia Hopkins

:Astrobiology is a cosmic dance, a quest for life beyond Earth.

Carter NA

:The cosmic ballet must be an awe-inspiring spectacle!

John Zielonka

:But are we politically prepared for such an event?

Matthew NA

:It could also bring about significant economic changes.

Sarah Placido

:What if they communicated through music? Our notes reaching alien ears!

Evelyn Vega

:Or interstellar poetry! Prose from another world.

Carter NA

:And the environmental impact? Could we be causing harm?

",0.004691788,0.989731014,0.000591619,no,yes,no
2026-04-05T20:20:33.4243167Z,GeneralSyntheticDatasets_conversation_a6.,,"Mia Hopkins

:Dance has always adapted to challenges beautifully.

John Zielonka

:Challenges often lead to political growth and evolution.

Matthew NA

:Economically, challenges often lead to innovation and advancement.

Sarah Placido

:Classical music evolved over time, overcoming various obstacles.

Evelyn Vega

:Adversity often inspires great poetry. It's a human trait.

Mia Hopkins

:Let's discuss the ethical implications of seeking extraterrestrial life next.

",0.00065645,0.003592566,0.001652118,no,no,no
2026-04-05T20:20:33.3668665Z,GeneralSyntheticDatasets_conversation_a6.,,"Carter NA

:It's an environmental issue too. Could we disrupt alien ecosystems?

John Zielonka

:It's a political dilemma. Who makes these decisions?

Matthew NA

:Also, the significant financial resources involved need consideration.

Sarah Placido

:This topic is a symphony of thoughts! Let's delve deeper.

Evelyn Vega

:Let's explore the ethics of extraterrestrial exploration, like writing a new poem.

Mia Hopkins

:Discovering alien life would be humanity's new dance.

Evelyn Vega

:It's like adding a new stanza to our existence's poetry.

John Zielonka

:It would force us to redefine political boundaries and identities.

",0.018313928,0.950953662,0.000535784,no,yes,no
2026-04-05T20:20:33.3143Z,GeneralSyntheticDatasets_conversation_a6.,,"Carter NA

:We'd also need to consider our environmental responsibilities towards other planets.

Matthew NA

:The economic implications could be vast.

Sarah Placido

:It's like how classical music expanded with the introduction of new cultures.

John Zielonka

:Politics might shift towards global unity against an external entity.

Evelyn Vega

:Literature has often explored that concept!

Mia Hopkins

:And the revolutionary performances artists could create!

Matthew NA

:But who funds these interstellar endeavors economically?

Carter NA

:Likely through international cooperation. But what about the environmental impact?

Sarah Placido

:In music, progress often comes at the cost of losing tradition.

",0.000187929,0.993244529,9.44459E-05,no,yes,no
2026-04-05T20:20:33.2584536Z,GeneralSyntheticDatasets_conversation_a6.,,"John Zielonka

:Politics also involves compromising on old ideologies for progress.

Mia Hopkins

:It's about balancing progression and preservation.

Evelyn Vega

:Poetry often reflects this struggle between past and future.

Carter NA

:Environments change too. We must adapt while preserving what's important.

Mia Hopkins

:What a dance of ideas! Shall we leap into the cosmos next?

Carter NA

:Considering life beyond Earth could impact our environmental perspectives.

John Zielonka

:The politics of extraterrestrial existence could be fascinating.

Matthew NA

:Space exploration could have huge economic implications.

Sarah Placido

:We might discover new sounds from other civilizations!

",0.000432965,0.611526668,0.000219011,no,yes,no
2026-04-05T20:20:33.2045119Z,GeneralSyntheticDatasets_conversation_a6.,,"Evelyn Vega

:Alien landscapes could inspire new forms of poetry.

Mia Hopkins

:The celestial bodies' dance is a perfect choreography.

John Zielonka

:Politics and funding play a role in space exploration.

Carter NA

:How does exploring exoplanets affect Earth's environment?

Matthew NA

:It's a gamble, but the payoff could be immense.

Sarah Placido

:Harmony between different elements is key, like in music.

Evelyn Vega

:The cosmos is like an infinite poem.

",6.50747E-05,0.081433892,0.000379709,no,yes,no
2026-04-05T20:20:33.1204746Z,GeneralSyntheticDatasets_conversation_a6.,,"Mia Hopkins

:Each movement in space tells a story.

John Zielonka

:Policy-making tells its own story too.

Carter NA

:Environmental changes are part of Earth's narrative.

Matthew NA

:Extraterrestrial life could change our economic paradigm.

Sarah Placido

:It might even influence Earth's life symphony.

Evelyn Vega

:Alien notes could bring unexpected changes.

Carter NA

:Potential impacts on our ecosystem can't be ignored.

",0.004235795,0.000876943,0.003352997,no,no,no
2026-04-05T20:20:33.0371739Z,GeneralSyntheticDatasets_conversation_a6.,,"Mia Hopkins

:Could aliens understand the universal language of dance?

Carter NA

:We need scientific evidence of their existence first.

John Zielonka

:We can't debate possibilities without proof.

Matthew NA

:Discovering extraterrestrial life could be costly.

Sarah Placido

:Could Beethoven's Symphony No. 5 communicate with aliens?

Evelyn Vega

:Poetry and music might transcend human boundaries for aliens.

Mia Hopkins

:Would aliens appreciate Tchaikovsky's Swan Lake performed in space?

Carter NA

:If they understand our art, then possibly!

John Zielonka

:What are the political implications of ballet in space?

",0.022854069,0.996659875,0.00024582,no,yes,no
2026-04-05T20:20:32.9535677Z,GeneralSyntheticDatasets_conversation_a6.,,"Matthew NA

:Such an endeavor would require significant financial investment.

Sarah Placido

:Music could be a simpler, less costly way to connect.

Evelyn Vega

:Transmitting poetic verses into space sounds romantic.

Mia Hopkins

:Imagine connecting with aliens through movements and expressions!

Carter NA

:Interstellar communication raises interesting environmental considerations.

Matthew NA

:Space agencies' role is like economists predicting markets.

Sarah Placido

:Composers, like space agencies, seek inspiration from the unknown.

Evelyn Vega

:Poetry often explores uncharted realms of imagination.

Carter NA

:We probe Earth's environment for answers, just like space.

",0.000325487,0.005714147,0.000217198,no,no,no
2026-04-05T20:20:32.8768583Z,,,,Null,Null,Null,Null,Null,Null
